<?xml version="1.0" encoding="UTF-8"?>
<beans xmlns="http://www.springframework.org/schema/beans" xmlns:xsi="http://www.w3.org/2001/XMLSchema-instance"
    xsi:schemaLocation="http://www.springframework.org/schema/beans http://www.springframework.org/schema/beans/spring-beans-4.0.xsd">

    <!-- RoughMap... START-->           
    <bean name="egovRoughMapIdGnrService" class="egovframework.rte.fdl.idgnr.impl.EgovTableIdGnrServiceImpl" destroy-method="destroy">
        <property name="dataSource" ref="egov.dataSource" />
        <property name="strategy"   ref="roumManageStrategy" />
        <property name="blockSize"  value="10"/>
        <property name="table"      value="COMTECOPSEQ"/>
        <property name="tableName"  value="ROUGHMAP_ID"/>
    </bean>
    <bean name="roumManageStrategy" class="egovframework.rte.fdl.idgnr.impl.strategy.EgovIdGnrStrategyImpl">
        <property name="prefix"   value="RUOGPMAP_" />
        <property name="cipers"   value="11" />
        <property name="fillChar" value="0" />
    </bean>     
    <!-- RoughMap... END-->  

</beans>