<?xml version="1.0" encoding="UTF-8"?>
<beans xmlns="http://www.springframework.org/schema/beans" xmlns:xsi="http://www.w3.org/2001/XMLSchema-instance"
	xsi:schemaLocation="http://www.springframework.org/schema/beans http://www.springframework.org/schema/beans/spring-beans-3.0.xsd">

	<!-- 시스템 로그 요약  -->
	<bean id="sysLogging" class="org.springframework.scheduling.quartz.MethodInvokingJobDetailFactoryBean">
		<property name="targetObject" ref="egovSysLogScheduling" />
		<property name="targetMethod" value="sysLogSummary" />
		<property name="concurrent" value="false" />
	</bean>

	<!-- 시스템 로그 요약  트리거-->
	<bean id="sysLogTrigger" class="org.springframework.scheduling.quartz.SimpleTriggerBean">
		<property name="jobDetail" ref="sysLogging" />
		<!-- 시작하고 1분후에 실행한다. (milisecond) -->
		<property name="startDelay" value="60000" />
		<!-- 매 1시간마다 실행한다. (milisecond) -->
		<property name="repeatInterval" value="3600000" />
	</bean>
	
	<!-- 시스템 로그 요약 스케줄러 -->
	<bean id="sysLogScheduler" class="org.springframework.scheduling.quartz.SchedulerFactoryBean">
		<property name="triggers">
			<list>
				<ref bean="sysLogTrigger" />				
			</list>
		</property>
	</bean>
  
</beans>
