<?xml version="1.0" encoding="UTF-8"?>
<beans xmlns="http://www.springframework.org/schema/beans" xmlns:xsi="http://www.w3.org/2001/XMLSchema-instance"
	xsi:schemaLocation="http://www.springframework.org/schema/beans http://www.springframework.org/schema/beans/spring-beans-3.0.xsd">

	<!-- HTTP서비스모니터링   -->
	<bean id="httpMon" class="org.springframework.scheduling.quartz.MethodInvokingJobDetailFactoryBean">
		<property name="targetObject" ref="httpMntrngScheduling" />
		<property name="targetMethod" value="monitorHttp" />
		<property name="concurrent" value="false" />
	</bean>

	<!-- HTTP서비스모니터링  트리거-->
	<bean id="httpMntrngTrigger" class="org.springframework.scheduling.quartz.SimpleTriggerBean">
		<property name="jobDetail" ref="httpMon" />
		<!-- 시작하고 1분후에 실행한다. (milisecond) -->
		<property name="startDelay" value="60000" />
		<!-- 매 10분마다 실행한다. (milisecond) -->
		<property name="repeatInterval" value="600000" />
	</bean>
	
	<!-- 모니터링 스케줄러 -->
	<bean id="mntrngScheduler" class="org.springframework.scheduling.quartz.SchedulerFactoryBean">
		<property name="triggers">
			<list>
				<ref bean="httpMntrngTrigger" />
			</list>
		</property>
	</bean>

</beans>
