<?xml version="1.0" encoding="UTF-8"?>
<beans xmlns="http://www.springframework.org/schema/beans" xmlns:xsi="http://www.w3.org/2001/XMLSchema-instance"
	xsi:schemaLocation="http://www.springframework.org/schema/beans http://www.springframework.org/schema/beans/spring-beans-3.0.xsd">

	<!-- 법정동코드수신 처리 -->
	<!-- 
	<bean id="administCodeReceiver"
		class="org.springframework.scheduling.quartz.MethodInvokingJobDetailFactoryBean">
		<property name="targetObject" ref="AdministCodeRecptnService" />
		<property name="targetMethod" value="insertAdministCodeRecptn" />
		<property name="concurrent" value="false" />
	</bean>
	 -->
	 
	<!--  
	<bean id="administCodeReceiverTrigger" class="org.springframework.scheduling.quartz.SimpleTriggerBean">
		<property name="jobDetail" ref="administCodeReceiver" />
		<property name="startDelay" value="60000" />
		<property name="repeatInterval" value="60000" />
	</bean>
	 -->
	
	<!-- 법정동코드수신 처리 스케줄  -->
	<!-- 
	<bean id="administCodeReceiverScheduler" class="org.springframework.scheduling.quartz.SchedulerFactoryBean">
		<property name="triggers">
			<list>
				<ref bean="administCodeReceiverTrigger" />
			</list>
		</property>
	</bean>
	-->
</beans>
