<?xml version="1.0" encoding="UTF-8"?>
<!DOCTYPE sqlMap PUBLIC "-//iBATIS.com//DTD SQL Map 2.0//EN" "http://www.ibatis.com/dtd/sql-map-2.dtd">
<!-- 
	수정일                 수정자                          수정내용
  =========     =======    =================================================
  2011.10.17   	서준식     	 	OCCRRNC_DE 컬럼과 날짜 비교문에 RTRIM 함수 적용

-->
<sqlMap namespace="TrsmrcvLog">

	<typeAlias  alias="egovMap" type="egovframework.rte.psl.dataaccess.util.EgovMap"/>
	<!-- 송수신로그 VO -->
	<typeAlias  alias="trsmrcvLog" type="egovframework.com.sym.log.tlg.service.TrsmrcvLog"/>

	<!-- 송수신로그 맵 -->
	<resultMap id="TrsmrcvLogVO" class="egovframework.com.sym.log.tlg.service.TrsmrcvLog">
		<result property="requstId" column="REQUST_ID"/>
		<result property="occrrncDe" column="OCCRRNC_DE"/>
		<result property="trsmrcvSeCode" column="TRSMRCV_SE_CODE"/>
		<result property="trsmrcvSeCodeNm" column="TRSMRCV_SE_CODE_NM"/>
		<result property="cntcId" column="CNTC_ID"/>
		<result property="provdInsttId" column="PROVD_INSTT_ID"/>
		<result property="provdSysId" column="PROVD_SYS_ID"/>
		<result property="provdSvcId" column="PROVD_SVC_ID"/>
		<result property="requstInsttId" column="REQUST_INSTT_ID"/>
		<result property="requstSysId" column="REQUST_SYS_ID"/>
		<result property="requstTrnsmitTm" column="REQUST_TRNSMIT_TM"/>
		<result property="requstRecptnTm" column="REQUST_RECPTN_TM"/>
		<result property="rspnsTrnsmitTm" column="RSPNS_TRNSMIT_TM"/>
		<result property="rspnsRecptnTm" column="RSPNS_RECPTN_TM"/>
		<result property="resultCode" column="RESULT_CODE"/>
		<result property="resultMessage" column="RESULT_MSSAGE"/>
		<result property="frstRegisterPnttm" column="FRST_REGIST_PNTTM"/>
		<result property="rqesterId" column="RQESTER_ID"/>
		<result property="rqsterNm" column="RQESTER_NM"/>
	</resultMap>

	<!-- 송수신 로그 등록 -->
	<insert id="TrsmrcvLogDAO.logInsertTrsmrcvLog" parameterClass="trsmrcvLog" >
		<![CDATA[
			INSERT INTO COMTNTRSMRCVLOG
				( REQUST_ID
				  , TRSMRCV_SE_CODE
				  , CNTC_ID
				  , PROVD_INSTT_ID
				  , PROVD_SYS_ID
				  , PROVD_SVC_ID
				  , REQUST_INSTT_ID
				  , REQUST_SYS_ID
				  , REQUST_TRNSMIT_TM
				  , REQUST_RECPTN_TM
				  , RSPNS_TRNSMIT_TM
				  , RSPNS_RECPTN_TM
				  , RESULT_CODE
				  , RESULT_MSSAGE
				  , RQESTER_ID
				  , FRST_REGIST_PNTTM
				  , OCCRRNC_DE )
			VALUES ( #requstId#
				  , #trsmrcvSeCode#
				  , #cntcId#
				  , #provdInsttId#
				  , #provdSysId#
				  , #provdSvcId#
				  , #requstInsttId#
				  , #requstSysId#
				  , #requstTrnsmitTm#
				  , #requstRecptnTm#
				  , #rspnsTrnsmitTm#
				  , #rspnsRecptnTm#
				  , #resultCode#
				  , #resultMessage#
				  , #rqesterId#
				  , SYSDATETIME
				  , TO_CHAR(sysdate, 'YYYYMMDD'))
		]]>
	</insert>

	<!-- 송수신 로그 상세 조회 -->
	<select id="TrsmrcvLogDAO.selectTrsmrcvLog" parameterClass="trsmrcvLog" resultMap="TrsmrcvLogVO">
		<![CDATA[
			SELECT
				  a.REQUST_ID
				, a.OCCRRNC_DE
				, a.TRSMRCV_SE_CODE
				, c.CODE_NM AS TRSMRCV_SE_CODE_NM
				, a.CNTC_ID
				, a.PROVD_INSTT_ID
				, a.PROVD_SYS_ID
				, a.PROVD_SVC_ID
				, a.REQUST_INSTT_ID
				, a.REQUST_SYS_ID
				, a.REQUST_TRNSMIT_TM
				, a.REQUST_RECPTN_TM
				, a.RSPNS_TRNSMIT_TM
				, a.RSPNS_RECPTN_TM
				, a.RESULT_CODE
				, a.RESULT_MSSAGE
				, a.FRST_REGIST_PNTTM
				, a.RQESTER_ID
				, b.USER_NM AS RQESTER_NM
			FROM
				COMTNTRSMRCVLOG a
			LEFT OUTER JOIN COMVNUSERMASTER b
				ON a.RQESTER_ID = b.ESNTL_ID
			LEFT OUTER JOIN COMTCCMMNDETAILCODE c
				ON a.TRSMRCV_SE_CODE = c.CODE
			WHERE
				c.CODE_ID = 'COM008'
			AND a.REQUST_ID = #requstId#
			]]>
	</select>

	<!-- 송수신 로그 목록 조회 -->
	<select id="TrsmrcvLogDAO.selectTrsmrcvLogInf" parameterClass="trsmrcvLog" resultMap="TrsmrcvLogVO">
		<![CDATA[
		SELECT * FROM ( SELECT rownum rn, TB.* FROM (
			SELECT
				  a.REQUST_ID
				, a.OCCRRNC_DE
				, a.TRSMRCV_SE_CODE
				, c.CODE_NM AS TRSMRCV_SE_CODE_NM
				, a.CNTC_ID
				, a.PROVD_INSTT_ID
				, a.PROVD_SYS_ID
				, a.PROVD_SVC_ID
				, a.REQUST_INSTT_ID
				, a.REQUST_SYS_ID
				, a.REQUST_TRNSMIT_TM
				, a.REQUST_RECPTN_TM
				, a.RSPNS_TRNSMIT_TM
				, a.RSPNS_RECPTN_TM
				, a.RESULT_CODE
				, a.RESULT_MSSAGE
				, a.FRST_REGIST_PNTTM
				, a.RQESTER_ID
				, b.USER_NM AS RQESTER_NM
			FROM
				COMTNTRSMRCVLOG a
			LEFT OUTER JOIN COMVNUSERMASTER b
				ON a.RQESTER_ID = b.ESNTL_ID
			LEFT OUTER JOIN COMTCCMMNDETAILCODE c
				ON a.TRSMRCV_SE_CODE = c.CODE
			WHERE
				c.CODE_ID = 'COM008'
			]]>
			<isNotEmpty prepend="AND" property="searchWrd">
				<![CDATA[	c.CODE_NM LIKE '%' || #searchWrd# || '%' ]]>
			</isNotEmpty>
			<isNotEmpty prepend="AND" property="searchBgnDe">
				<![CDATA[	a.OCCRRNC_DE BETWEEN #searchBgnDe# AND #searchEndDe# ]]>
			</isNotEmpty>
		<![CDATA[
			ORDER BY a.OCCRRNC_DE DESC
			) TB ) Z WHERE rn BETWEEN #firstIndex# + 1 AND #firstIndex# + #recordCountPerPage#
		]]>
	</select>

	<!-- 송수신 로그 총건수 -->
	<select id="TrsmrcvLogDAO.selectTrsmrcvLogInfCnt"  parameterClass="trsmrcvLog"  resultClass="java.lang.Integer">
		<![CDATA[
			SELECT COUNT(a.REQUST_ID) as cnt
			FROM
				COMTNTRSMRCVLOG a
			LEFT OUTER JOIN COMVNUSERMASTER b
				ON a.RQESTER_ID = b.ESNTL_ID
			LEFT OUTER JOIN COMTCCMMNDETAILCODE c
				ON a.TRSMRCV_SE_CODE = c.CODE
			WHERE
				c.CODE_ID = 'COM008'
			]]>
			<isNotEmpty prepend="AND" property="searchWrd">
				<![CDATA[ 	c.CODE_NM LIKE '%' || #searchWrd# || '%'  ]]>
			</isNotEmpty>
			<isNotEmpty prepend="AND" property="searchBgnDe">
				<![CDATA[ 	a.OCCRRNC_DE BETWEEN #searchBgnDe# AND #searchEndDe#  ]]>
			</isNotEmpty>
	</select>

	<!-- 송수신 로그 전날 로그 요약 등록 -->
	<insert id="TrsmrcvLogDAO.logInsertTrsmrcvLogSummary">
		<![CDATA[
			INSERT INTO COMTSTRSMRCVLOGSUMMARY
			SELECT b.OCCRRNC_DE
 				 , b.TRSMRCV_SE_CODE
				 , b.PROVD_INSTT_ID
				 , b.PROVD_SYS_ID
				 , b.PROVD_SVC_ID
				 , b.REQUST_INSTT_ID
				 , b.REQUST_SYS_ID
			     , COUNT(b.OCCRRNC_DE) AS RDCNT
			     , 0 AS ERROR_CO
			  FROM COMTNTRSMRCVLOG b
			 WHERE NOT EXISTS (SELECT c.OCCRRNC_DE
			                     FROM COMTSTRSMRCVLOGSUMMARY c
			                    WHERE RTRIM(c.OCCRRNC_DE) = TO_CHAR((SYSDATE - 1), 'YYYYMMDD')
			                  )
			   AND RTRIM(b.OCCRRNC_DE) = TO_CHAR((SYSDATE - 1), 'YYYYMMDD')
			 GROUP BY b.OCCRRNC_DE
 				    , b.TRSMRCV_SE_CODE
				    , b.PROVD_INSTT_ID
				    , b.PROVD_SYS_ID
				    , b.PROVD_SVC_ID
				    , b.REQUST_INSTT_ID
				    , b.REQUST_SYS_ID

		]]>
	</insert>

	<!-- 송수신 로그 일주일전 로그 삭제 -->
	<delete id="TrsmrcvLogDAO.logDeleteTrsmrcvLogSummary">
		<![CDATA[
			DELETE FROM COMTNTRSMRCVLOG
			 WHERE RTRIM(OCCRRNC_DE) < TO_CHAR((SYSDATE - 7), 'YYYYMMDD')

		]]>
	</delete>

</sqlMap>

